ticket_id,domain,issue_type,action,confidence,response
1,hackerrank,Technical,REPLY,1.000,"**Subject: Re: Time Limit Exceeded on Last Two Test Cases**  ---  Hi there,  Thank you for reaching out, and we completely understand how frustrating it can be to see a Time Limit Exceeded error — especially when your solution is already running efficiently locally!  While your O(n log n) algorithm is a solid approach, here are a few optimization tips that may help:  - **Review unnecessary operations** within your algorithm — even within an O(n log n) solution, constant factors and redundant steps can add up on a judge environment - **Check your data structures** — ensure you're using the most efficient ones available, such as hash maps or sets, where applicable - **Avoid unnecessary loops** that may be adding overhead, even if they don't affect your overall time complexity  It's also worth noting that **judge environments can sometimes behave differently from local machines** due to hardware and configuration differences, so minor inefficiencies that go unnoticed locally may be more pronounced there.  ---  That said, our documentation has **limited specific guidance** on judge environment internals beyond these general recommendations. For more tailored advice, we'd suggest:  - Reviewing the **discussion/editorial section** of the specific challenge, if available, as other candidates may have shared optimization insights - Reaching out to **HackerRank's support team directly** for further assistance, as they may be able to provide more specific guidance  We hope this helps you get past those last two test cases! Best of luck! 🎯  **HackerRank Customer Support**"
2,hackerrank,Technical,REPLY,1.000,"**Response:**  Thank you for reaching out, and I completely understand how stressful this situation must be, especially with a job application on the line.  Unfortunately, the support documentation I have access to does not cover the cancellation or resetting of an in-progress timed skills test submission. I'm unable to confirm whether this is possible or outline a procedure for it based on the available information.  **Given the time-sensitive nature of your situation, I strongly recommend contacting HackerRank's support team directly and immediately**, as every minute counts while your timer is still running. Please reach out through HackerRank's official support channels (available on their website) so a support representative can assist you in real time.  When you contact them, be sure to have the following ready: - Your **HackerRank account/username** - The **name of the test** you're taking - Details about the **wrong file submitted** - The **time remaining** on your test (if still applicable)  I'm sorry I couldn't provide a more direct resolution here. I hope HackerRank's support team is able to assist you promptly. Best of luck with your application!"
3,hackerrank,Platform Bug,ESCALATE,1.000,[ESCALATED TO HUMAN AGENT] Reason: Escalation required: Bug Or Platform Issue  This ticket has been flagged for human review due to its sensitive nature. A support specialist will contact you shortly.
4,hackerrank,General Inquiry,REPLY,1.000,"**Subject: Re: Leaderboard Ranking Discrepancy – Weekly Contest**  ---  Thank you for reaching out, and congratulations on your strong performance in the weekly contest! I completely understand your concern — leaderboard accuracy is critical, especially when prize eligibility is involved.  Based on our documentation, contest rankings are determined by **total score**, with tied scores broken by the **time of the last accepted submission** (earlier submissions rank higher). If you believe you outscored the user above you on time with an equal total score, this does sound like it may be an unexpected discrepancy.  However, I want to be transparent with you: **I'm unable to investigate or verify specific leaderboard data or account details through this support channel.** This situation — particularly given its impact on prize eligibility — requires direct review by the HackerRank support team who can access contest records and submission timestamps.  **I strongly recommend the following:** - **Contact HackerRank's support team directly** with the following details ready:   - Your username   - The contest name and date   - Your total score and final submission timestamp   - The username of the contestant listed above you  This will allow their team to conduct a proper investigation as quickly as possible.  We take leaderboard integrity seriously, and I hope this gets resolved for you promptly. I'm sorry I couldn't provide a more definitive answer here."
5,hackerrank,Legal / Compliance,ESCALATE,1.000,[ESCALATED TO HUMAN AGENT] Reason: Escalation required: Legal Compliance  This ticket has been flagged for human review due to its sensitive nature. A support specialist will contact you shortly.
6,hackerrank,Account,REPLY,1.000,"**Subject: Re: Unauthorized Account Access**  Thank you for reaching out, and I completely understand how alarming it must be to see unauthorized access to your account. You were right to change your password immediately.  However, I want to be transparent with you: **our available documentation does not cover the specific steps for managing active sessions or remotely terminating unauthorized logins.** I would not want to provide you with inaccurate guidance on such an important security matter.  Given the urgency of your situation, I strongly recommend **contacting HackerRank's support team directly** as soon as possible:  📧 **support@hackerrank.com**  When you reach out, please include: - Your **username** - The **date and time** of the unauthorized access - Details of the **active foreign session** you can still see - Confirmation that you have **already changed your password**  The support team will be best equipped to investigate the suspicious activity, terminate any active unauthorized sessions, and take any further steps needed to secure your account.  Please act on this promptly to protect your account and any associated data.  Stay safe, and don't hesitate to reach out if you have any other questions."
7,hackerrank,Account,REPLY,1.000,"**Subject: Re: Missing Virtual Onsite Interview Link**  ---  Thank you for reaching out, and I completely understand how stressful this must be — especially with your interview scheduled for tomorrow. Let's work on getting this resolved as quickly as possible.  Based on our available guidance, here are a couple of steps I'd recommend right away:  1. **Check your email inbox and spam/junk folder** for the original invitation email from HackerRank or the employer. The session link would have been sent there, and it is tied specifically to your email address. 2. **Contact the recruiting team or employer directly.** Since the interview was arranged through them, they would be best positioned to resend your invitation link or provide an updated session link promptly.  ---  However, I want to be transparent with you: the specific issue of a session link disappearing from your dashboard is **not something I'm able to fully address with the documentation available to me.** I wouldn't want to speculate on the cause or provide inaccurate guidance given the time-sensitive nature of your situation.  I strongly recommend **contacting HackerRank's support team directly** as soon as possible so they can investigate your dashboard access and assist before your interview tomorrow. You can typically reach them through the official HackerRank support portal.  Wishing you the very best with your interview!"
8,claude,Platform Bug,ESCALATE,1.000,[ESCALATED TO HUMAN AGENT] Reason: Escalation required: Bug Or Platform Issue  This ticket has been flagged for human review due to its sensitive nature. A support specialist will contact you shortly.
9,claude,Technical,REPLY,1.000,"Thank you for reaching out! Streaming responses are a great way to improve the user experience in your application.  However, I want to be transparent with you: **the support documentation I have access to does not contain specific guidance on implementing streaming responses in Python.** I wouldn't want to provide you with inaccurate code examples or implementation details that could mislead you.  For accurate and up-to-date guidance on this topic, I'd recommend the following resources:  - **Anthropic's official documentation** – Visit the developer docs accessible through [console.anthropic.com](https://console.anthropic.com) after logging in, or check [anthropic.com](https://anthropic.com) for API reference materials, which should include streaming implementation examples. - **Anthropic's developer support** – If you're unable to find what you need in the documentation, please reach out to Anthropic's technical support team directly through the console for more hands-on assistance.  In the meantime, here are a couple of things worth noting from what I do have available:  - Ensure your API key is properly set up via the **Anthropic console** under ""API Keys."" - Make sure you have a **valid payment method on file**, as this is required for API access.  I'm sorry I couldn't provide a more direct answer here. The Anthropic developer documentation is your best resource for implementation-specific questions like this one."
10,claude,Billing,REPLY,0.667,"**Subject: Re: Duplicate Charge on Your Claude Pro Subscription**  ---  Thank you for reaching out, and I completely understand your concern — seeing two charges of $20 within the same month is understandably alarming, and I want to make sure this gets properly addressed for you.  Unfortunately, I'm not able to investigate billing transactions or process refunds directly through this channel. To get this resolved as quickly as possible, I'd recommend taking the following steps:  1. **Verify your account details** — Please confirm you're logged into the correct account associated with your subscription, and check your billing status under **Account Settings** in Claude.ai to review what's on file.  2. **Contact Claude Support directly** — Since this involves a potential duplicate charge that requires account-level investigation, please reach out to the support team at **claude.ai/support**. When you do, be sure to include:    - Your account email address    - Transaction details for both charges (dates, amounts, and any transaction IDs if available)  The support team will be best equipped to review your billing history, determine the cause of the two charges, and facilitate a refund if a duplicate payment is confirmed.  I'm sorry for the inconvenience this has caused, and I hope it gets resolved quickly for you. Please don't hesitate to reach out if you have any other questions."
11,claude,Fraud,ESCALATE,1.000,[ESCALATED TO HUMAN AGENT] Reason: Escalation required: Fraud  This ticket has been flagged for human review due to its sensitive nature. A support specialist will contact you shortly.
12,claude,General Inquiry,REPLY,1.000,"**Subject: Re: Commercial Use of Claude API for SaaS Customer Service Chatbot**  ---  Thank you for reaching out, and I completely understand the importance of getting clarity on acceptable use policies before signing contracts — that's a smart step to take.  Based on our documentation, **the Claude API is available for commercial use** under Anthropic's usage policies. However, I want to be transparent with you: the documentation I have access to confirms commercial use is permitted in general terms, but does **not** contain the specific detail needed to fully address your use case — particularly around **reselling Claude-powered functionality as a SaaS product to other businesses**.  Given that you're about to enter contractual agreements, I strongly recommend:  1. **Reviewing Anthropic's full Terms of Service and Usage Policies** directly at **anthropic.com** before proceeding, as these documents will contain the authoritative and complete guidance for your specific scenario. 2. **Contacting Anthropic's team directly** for confirmation of your use case. For commercial arrangements of this nature, it's best to get explicit written confirmation rather than relying on general documentation.  You can get started with API access at **console.anthropic.com**, but please ensure your use case is fully vetted against their policies before finalizing any contracts.  I apologize that I can't provide a more definitive answer here — but given the legal and commercial stakes involved, directing you to the source is the most responsible course of action.  Is there anything else I can help you with in the meantime?"
13,claude,General Inquiry,REPLY,1.000,"**Subject: Re: Claude Refusing Academic Questions on Historical Atrocities**  Thank you for reaching out, and I completely understand how frustrating this must be — especially when you're working on important academic research like genocide prevention.  **The short answer:** Claude is generally designed to assist with research, analysis, and academic work, and discussing historical atrocities in an educational context falls well within the kinds of tasks Claude is meant to help with.  **What may be happening:** The documentation I have access to notes that Claude may decline requests that *seem* likely to cause harm, even if that's not the intent. It's possible the way certain questions are phrased is triggering caution on Claude's part, rather than a blanket refusal of the topic itself.  **Some things you might try:** - Clearly frame the academic and preventative context of your research at the start of your conversation (e.g., ""I'm a university student researching genocide prevention for a course..."") - Break down broad or ambiguous questions into more specific, clearly academic sub-questions - Reference the scholarly angle explicitly when asking sensitive questions  **However**, I want to be transparent: the documentation I have available doesn't go into specific detail about how Claude handles nuanced academic edge cases or how to formally appeal a refusal. For more tailored guidance, I'd recommend **contacting Anthropic's support team directly**, as they will be better equipped to advise on your specific situation and, if needed, escalate feedback about the responses you're receiving.  We appreciate your patience, and we hope your research project goes well."
14,claude,Billing,REPLY,1.000,"**Subject: Re: Unexpected API Usage Increase**  Thank you for reaching out, and I completely understand your concern — a jump from $12 to $340 with no code changes is certainly alarming, and it's important to get clarity on this before proceeding with payment.  Unfortunately, the support documentation I have access to does not cover billing breakdowns, usage analytics, or the investigation of unexpected charge increases. I'm not able to speculate on what may have caused the spike, and I want to make sure you get accurate information rather than guesswork.  **Here's what I'd recommend:**  1. **Check your usage details in the Anthropic Console** — Log in at console.anthropic.com, where you should be able to review your API usage data, including requests and token consumption, which may help identify any anomalies.  2. **Contact Anthropic's support team directly** — Given the significance of this billing discrepancy, I'd strongly recommend reaching out to Anthropic's billing/support team through the official contact options available at **anthropic.com**. They will have the tools to pull a detailed usage breakdown and investigate the issue properly.  3. **Review your API keys** — While I can't confirm the cause, it would be a prudent step to check whether your API keys in the console show any unexpected activity, and consider rotating them if anything looks suspicious.  Please don't hesitate to escalate this promptly — Anthropic's team is best positioned to assist you with a full investigation."
15,visa,Fraud,ESCALATE,1.000,[ESCALATED TO HUMAN AGENT] Reason: Escalation required: Fraud  This ticket has been flagged for human review due to its sensitive nature. A support specialist will contact you shortly.
16,visa,Account,REPLY,1.000,"**Subject: Re: Using Your Visa Debit Card in South Korea**  Thank you for reaching out, and how exciting that you have an upcoming trip to South Korea! These are great questions to sort out before you travel.  Here's what we can share based on Visa's general guidelines:  **Will your card work there?** Yes, Visa debit cards work at millions of international merchants and ATMs worldwide, so you should be able to use your card in South Korea at locations that accept Visa.  **Should you notify your bank?** **Yes, absolutely.** We strongly recommend informing your bank before you travel. Without prior notice, international transactions can be flagged as suspicious activity and your card may be temporarily blocked — which is the last thing you'd want while abroad.  **What foreign transaction fees should you expect?** For international ATM withdrawals and purchases, you may encounter: - **Foreign transaction fees** charged by your card issuer - **Out-of-network ATM fees** from your bank - **Surcharge fees** from the ATM operator  However, please note that these fees are set by your card issuer and ATM operators — **not by Visa directly.** The exact amounts will vary depending on your specific card and bank.  **We recommend contacting your bank directly** before your trip to: 1. Notify them of your travel dates and destination 2. Confirm your card will work internationally 3. Get a clear breakdown of any applicable fees  Have a wonderful trip! 🌏"
17,visa,Billing,REPLY,1.000,"**Subject: Re: Unauthorized Hotel Charge on Your Visa Card**  Thank you for reaching out, and I completely understand how frustrating it is to see an unexpected charge appear after you've already cancelled a reservation — especially when you have the confirmation to prove it.  **Here's what we recommend:**  Since this appears to be an incorrect charge from the merchant, you have two options to pursue:  1. **Contact the merchant directly** — Reach out to the hotel with your cancellation confirmation email as supporting evidence. This is often the fastest path to resolution, as refunds are processed by the merchant. Once processed, the credit should appear on your Visa statement within **3–5 business days**.  2. **Contact your card-issuing bank** — If the merchant is unresponsive or unwilling to resolve the issue, contact the bank that issued your Visa card to file a formal dispute. Your cancellation confirmation email will serve as valuable supporting documentation. Keep in mind that disputes are generally filed within **60–120 days** of the transaction date, so it's best to act promptly.  > **Important note:** Please contact your bank or the merchant directly — Visa itself does not process disputes or refunds on individual transactions.  We hope this gets resolved quickly for you. Don't hesitate to reach out if you have any further questions!"
18,visa,Account,REPLY,1.000,"**Response:**  Thank you for reaching out, and we completely understand your concern — losing a card is stressful, and it's great that you've already taken the proactive step of freezing it through your bank app.  Regarding your worry about online transactions that don't require the physical card, we strongly recommend taking the following steps:  1. **Contact your card-issuing bank directly as soon as possible.** While freezing your card is a helpful first step, speaking with your bank will allow them to:    - Fully cancel your current card number    - Issue a replacement card with a **new card number**, which would prevent any further unauthorized use of your existing details online    - Monitor your account for any suspicious activity    - Help you **dispute any unauthorized charges** that may have already occurred  2. **Report any unauthorized transactions** at the same time. Most banks have **24/7 fraud lines** available for exactly this situation.  3. **Know that you're protected.** Visa's **Zero Liability Policy** covers you for unauthorized transactions, so be sure to flag anything suspicious when you speak with your bank.  Since card security and account management are handled directly by your card-issuing bank, they are best positioned to take the necessary actions to fully secure your account. You can find their contact number on your bank statement or their official website.  Please don't hesitate to reach out if you have any further questions."
19,visa,Billing,REPLY,0.857,"**Re: Adding Visa Card to Google Pay**  Thank you for reaching out! I completely understand wanting to streamline your contactless payment experience.  Unfortunately, the specific steps for adding a Visa card to Google Pay and setting it as a default payment method fall outside the scope of our available support documentation, so I wouldn't want to provide you with inaccurate guidance.  Here's what I can suggest:  - **For Google Pay setup assistance**, we recommend contacting Google Pay support directly, as they can walk you through the process of adding and managing cards within their app. - **For card-specific questions**, your card-issuing bank may also be able to assist, as they work directly with digital wallet providers to enable this functionality.  What I **can** confirm is that once your Visa card is added to Google Pay, you'll be able to use it at any payment terminal displaying the contactless symbol (four curved lines), simply by holding your device near the terminal to complete your transaction quickly and securely.  We're sorry we couldn't provide a more complete answer here. Please don't hesitate to reach out if you have any other Visa-related questions we can help with!"
20,visa,Fraud,ESCALATE,1.000,[ESCALATED TO HUMAN AGENT] Reason: Escalation required: Fraud  This ticket has been flagged for human review due to its sensitive nature. A support specialist will contact you shortly.
